Date,Open,High,Low,Close,Volume
2025-10-29,16.799999237060547,16.899999618530273,16.75,16.799999237060547,300278
2025-10-30,16.799999237060547,16.799999237060547,16.600000381469727,16.799999237060547,206662
2025-10-31,16.799999237060547,16.799999237060547,16.600000381469727,16.649999618530273,223174
2025-11-03,16.649999618530273,16.700000762939453,16.5,16.600000381469727,272341
2025-11-04,16.600000381469727,16.649999618530273,16.5,16.5,217171
2025-11-05,16.350000381469727,16.450000762939453,16.25,16.399999618530273,209075
2025-11-06,16.399999618530273,16.850000381469727,16.399999618530273,16.850000381469727,308085
2025-11-07,16.75,16.75,16.600000381469727,16.649999618530273,112303
2025-11-10,16.649999618530273,16.799999237060547,16.549999237060547,16.649999618530273,131800
2025-11-11,16.799999237060547,16.799999237060547,16.600000381469727,16.700000762939453,131227
2025-11-12,16.700000762939453,16.899999618530273,16.649999618530273,16.850000381469727,299000
2025-11-13,16.850000381469727,16.950000762939453,16.75,16.850000381469727,315299
2025-11-14,16.799999237060547,17.0,16.75,16.850000381469727,293279
2025-11-17,16.899999618530273,17.0,16.649999618530273,16.75,265108
2025-11-18,16.75,16.799999237060547,16.5,16.600000381469727,229400
2025-11-19,16.75,16.75,16.5,16.600000381469727,225171
2025-11-20,16.600000381469727,16.75,16.549999237060547,16.600000381469727,227129
2025-11-21,16.700000762939453,16.75,16.350000381469727,16.399999618530273,369003
2025-11-24,16.549999237060547,16.549999237060547,16.350000381469727,16.5,216312
2025-11-25,16.549999237060547,16.799999237060547,16.299999237060547,16.600000381469727,319821
2025-11-26,16.600000381469727,16.75,16.600000381469727,16.700000762939453,101150
2025-11-27,16.649999618530273,16.850000381469727,16.600000381469727,16.75,145010
2025-11-28,16.700000762939453,16.799999237060547,16.649999618530273,16.75,78579
2025-12-01,16.700000762939453,16.75,16.649999618530273,16.700000762939453,177307
2025-12-02,16.649999618530273,16.950000762939453,16.649999618530273,16.899999618530273,500488
2025-12-03,16.950000762939453,16.950000762939453,16.850000381469727,16.950000762939453,210419
2025-12-04,16.950000762939453,17.100000381469727,16.850000381469727,16.950000762939453,245441
2025-12-05,16.850000381469727,16.950000762939453,16.75,16.950000762939453,120000
2025-12-08,17.5,17.5,16.700000762939453,16.799999237060547,411574
2025-12-09,16.799999237060547,16.850000381469727,16.649999618530273,16.700000762939453,204078
2025-12-10,16.75,16.75,16.600000381469727,16.649999618530273,149020
2025-12-11,16.600000381469727,16.75,16.549999237060547,16.700000762939453,375417
2025-12-12,16.850000381469727,16.850000381469727,16.649999618530273,16.75,174100
2025-12-15,16.75,16.799999237060547,16.649999618530273,16.75,137884
2025-12-16,16.649999618530273,16.75,16.600000381469727,16.75,188300
2025-12-17,16.799999237060547,16.799999237060547,16.700000762939453,16.700000762939453,161827
2025-12-18,16.700000762939453,16.75,16.700000762939453,16.75,103048
2025-12-19,16.75,16.799999237060547,16.700000762939453,16.75,175300
2025-12-22,16.799999237060547,16.850000381469727,16.700000762939453,16.700000762939453,130080
2025-12-23,16.700000762939453,16.799999237060547,16.700000762939453,16.700000762939453,207046
2025-12-24,16.700000762939453,16.700000762939453,16.600000381469727,16.649999618530273,141169
2025-12-26,16.649999618530273,16.700000762939453,16.600000381469727,16.649999618530273,141122
2025-12-29,16.649999618530273,16.799999237060547,16.600000381469727,16.799999237060547,239001
2025-12-30,16.799999237060547,16.799999237060547,16.649999618530273,16.700000762939453,163070
2025-12-31,16.75,16.75,16.649999618530273,16.649999618530273,158303
2026-01-02,16.649999618530273,16.700000762939453,16.5,16.600000381469727,351049
2026-01-05,16.600000381469727,16.75,16.399999618530273,16.600000381469727,779757
2026-01-06,16.700000762939453,16.75,16.549999237060547,16.649999618530273,390753
2026-01-07,16.75,17.100000381469727,16.700000762939453,16.899999618530273,771292
2026-01-08,16.950000762939453,17.100000381469727,16.850000381469727,16.899999618530273,423611
2026-01-09,17.100000381469727,17.100000381469727,16.799999237060547,16.899999618530273,227201
2026-01-12,16.899999618530273,17.0,16.850000381469727,16.899999618530273,272004
2026-01-13,16.899999618530273,16.950000762939453,16.799999237060547,16.899999618530273,242539
2026-01-14,16.950000762939453,17.149999618530273,16.950000762939453,17.049999237060547,476326
2026-01-15,17.049999237060547,17.200000762939453,16.899999618530273,17.149999618530273,507046
2026-01-16,17.149999618530273,17.350000381469727,17.049999237060547,17.25,752554
2026-01-19,17.200000762939453,17.350000381469727,17.200000762939453,17.200000762939453,493589
2026-01-20,17.200000762939453,17.200000762939453,17.0,17.0,573404
2026-01-21,16.899999618530273,16.950000762939453,16.850000381469727,16.899999618530273,251811
2026-01-22,17.049999237060547,17.049999237060547,16.899999618530273,16.899999618530273,340398
2026-01-23,16.950000762939453,17.149999618530273,16.950000762939453,17.149999618530273,250900
2026-01-26,17.200000762939453,17.399999618530273,17.149999618530273,17.299999237060547,537223
2026-01-27,17.299999237060547,17.450000762939453,17.100000381469727,17.200000762939453,349357
2026-01-28,17.200000762939453,17.299999237060547,17.0,17.25,339573
2026-01-29,17.200000762939453,17.25,17.149999618530273,17.25,211166
2026-01-30,17.25,17.25,17.0,17.0,335031
2026-02-02,17.0,17.0,16.75,16.75,306689
2026-02-03,16.850000381469727,16.950000762939453,16.700000762939453,16.75,350978
2026-02-04,16.75,17.0,16.75,16.899999618530273,252122
2026-02-05,16.850000381469727,17.049999237060547,16.850000381469727,17.0,358184
2026-02-06,16.899999618530273,16.950000762939453,16.649999618530273,16.799999237060547,372003
2026-02-09,16.850000381469727,16.850000381469727,16.700000762939453,16.75,212272
2026-02-10,16.799999237060547,16.799999237060547,16.600000381469727,16.649999618530273,312139
2026-02-11,16.649999618530273,16.799999237060547,16.649999618530273,16.649999618530273,276973
2026-02-23,16.600000381469727,16.799999237060547,16.600000381469727,16.649999618530273,726846
2026-02-24,16.700000762939453,16.850000381469727,16.700000762939453,16.75,577711
2026-02-25,16.799999237060547,16.850000381469727,16.700000762939453,16.799999237060547,524763
2026-02-26,16.799999237060547,16.850000381469727,16.600000381469727,16.700000762939453,632064
2026-03-02,16.700000762939453,17.25,16.700000762939453,17.149999618530273,1058384
2026-03-03,17.200000762939453,17.25,16.850000381469727,16.850000381469727,304164
2026-03-04,16.700000762939453,16.700000762939453,16.399999618530273,16.399999618530273,866004
2026-03-05,16.700000762939453,16.700000762939453,16.5,16.649999618530273,279162
2026-03-06,16.549999237060547,17.299999237060547,16.549999237060547,17.149999618530273,946300
2026-03-09,17.25,17.950000762939453,16.799999237060547,17.0,1002017
2026-03-10,17.049999237060547,17.049999237060547,16.799999237060547,16.850000381469727,441155
2026-03-11,17.049999237060547,17.049999237060547,16.850000381469727,16.899999618530273,248375
2026-03-12,17.100000381469727,17.600000381469727,17.100000381469727,17.399999618530273,1646423
2026-03-13,17.5,17.600000381469727,17.100000381469727,17.100000381469727,1048024
2026-03-16,17.200000762939453,18.64999961853028,17.200000762939453,18.299999237060547,5003089
2026-03-17,18.25,18.299999237060547,17.950000762939453,18.049999237060547,1974802
2026-03-18,18.299999237060547,18.299999237060547,18.049999237060547,18.299999237060547,821575
2026-03-19,18.299999237060547,18.89999961853028,18.100000381469727,18.75,2279942
2026-03-20,18.700000762939453,18.700000762939453,18.049999237060547,18.200000762939453,1782773
2026-03-23,17.950000762939453,18.350000381469727,17.899999618530273,18.200000762939453,1032035
2026-03-24,18.200000762939453,18.299999237060547,18.049999237060547,18.100000381469727,641155
2026-03-25,18.100000381469727,18.14999961853028,17.899999618530273,17.899999618530273,652626
2026-03-26,18.0,18.25,18.0,18.049999237060547,524085
2026-03-27,18.100000381469727,18.549999237060547,18.0,18.200000762939453,788021
2026-03-30,18.200000762939453,18.549999237060547,18.14999961853028,18.25,751109
2026-03-31,18.25,18.350000381469727,17.799999237060547,17.799999237060547,907795
2026-04-01,18.0,18.350000381469727,17.899999618530273,18.100000381469727,306552
2026-04-02,18.299999237060547,18.299999237060547,17.799999237060547,17.799999237060547,428282
2026-04-07,17.899999618530273,18.100000381469727,17.899999618530273,18.0,293003
2026-04-08,17.899999618530273,18.049999237060547,17.899999618530273,17.950000762939453,411850
2026-04-09,18.100000381469727,18.350000381469727,17.950000762939453,18.299999237060547,442485
2026-04-10,18.39999961853028,18.5,18.14999961853028,18.39999961853028,750100
2026-04-13,18.64999961853028,19.450000762939453,18.600000381469727,19.200000762939453,3277516
2026-04-14,19.200000762939453,19.89999961853028,18.89999961853028,19.350000381469727,1942071
2026-04-15,19.350000381469727,19.350000381469727,19.049999237060547,19.100000381469727,920004
2026-04-16,19.25,19.25,18.950000762939453,19.100000381469727,609717
2026-04-17,19.200000762939453,19.25,18.89999961853028,18.950000762939453,786439
2026-04-20,19.049999237060547,19.200000762939453,18.850000381469727,18.950000762939453,632001
2026-04-21,19.100000381469727,19.100000381469727,18.950000762939453,19.049999237060547,391758
2026-04-22,19.14999961853028,19.14999961853028,18.850000381469727,18.89999961853028,404264
2026-04-23,19.0,19.0,18.450000762939453,18.600000381469727,1032072
2026-04-24,18.64999961853028,18.799999237060547,18.5,18.64999961853028,445132
2026-04-27,18.75,19.100000381469727,18.450000762939453,19.100000381469727,758916
2026-04-28,19.39999961853028,19.39999961853028,18.950000762939453,19.100000381469727,510091
2026-04-29,19.100000381469727,19.100000381469727,18.850000381469727,18.89999961853028,302540
2026-04-30,19.0,19.0,18.64999961853028,18.64999961853028,385793
2026-05-04,18.64999961853028,18.700000762939453,18.549999237060547,18.600000381469727,374402
2026-05-05,18.600000381469727,18.64999961853028,18.39999961853028,18.5,566536
2026-05-06,18.5,18.75,18.5,18.549999237060547,422620
2026-05-07,18.5,18.549999237060547,18.450000762939453,18.5,493106
2026-05-08,18.5,18.799999237060547,18.5,18.64999961853028,473935
2026-05-11,18.700000762939453,18.89999961853028,18.39999961853028,18.5,774538
2026-05-12,18.5,18.5,18.14999961853028,18.200000762939453,458500
2026-05-13,18.600000381469727,18.64999961853028,18.450000762939453,18.450000762939453,547231
2026-05-14,18.549999237060547,18.600000381469727,18.350000381469727,18.39999961853028,463216
2026-05-15,18.39999961853028,18.39999961853028,18.0,18.200000762939453,1113545
2026-05-18,18.100000381469727,18.25,17.850000381469727,18.0,1063237
2026-05-19,17.950000762939453,18.350000381469727,17.950000762939453,18.25,466000
2026-05-20,18.299999237060547,18.299999237060547,18.049999237060547,18.14999961853028,521223
2026-05-21,18.350000381469727,18.5,18.25,18.39999961853028,430132
2026-05-22,18.39999961853028,18.5,18.299999237060547,18.39999961853028,569180
2026-05-25,18.39999961853028,19.14999961853028,18.25,19.14999961853028,1655615
2026-05-26,19.14999961853028,19.299999237060547,18.850000381469727,19.25,973041
2026-05-27,19.25,19.700000762939453,19.14999961853028,19.200000762939453,2078219
2026-05-28,19.299999237060547,19.75,19.100000381469727,19.600000381469727,1348400
2026-05-29,19.799999237060547,19.799999237060547,19.25,19.39999961853028,730080
2026-06-01,19.25,19.700000762939453,19.14999961853028,19.5,1021408
2026-06-02,19.799999237060547,20.0,19.5,19.75,1609946
2026-06-03,19.950000762939453,20.450000762939453,19.700000762939453,20.14999961853028,2351439
2026-06-04,20.200000762939453,21.25,20.200000762939453,20.700000762939453,4128784
2026-06-05,20.450000762939453,20.5,20.0,20.200000762939453,1361651
2026-06-08,19.39999961853028,20.200000762939453,19.299999237060547,20.0,1402001
2026-06-09,20.14999961853028,20.5,20.100000381469727,20.25,1121638
2026-06-10,20.600000381469727,21.700000762939453,20.5,21.14999961853028,4980298
2026-06-11,21.14999961853028,21.14999961853028,20.549999237060547,20.850000381469727,1826004
2026-06-12,21.200000762939453,21.700000762939453,21.200000762939453,21.350000381469727,1697395
2026-06-15,21.5,21.549999237060547,21.0,21.14999961853028,1541420
2026-06-16,21.14999961853028,21.5,20.700000762939453,20.799999237060547,1409105
2026-06-17,20.799999237060547,20.950000762939453,20.64999961853028,20.950000762939453,965000
2026-06-18,21.200000762939453,21.549999237060547,20.950000762939453,21.25,1560699
2026-06-22,22.14999961853028,22.14999961853028,21.25,21.5,1566552
2026-06-23,21.5,21.5,20.89999961853028,21.14999961853028,834192
2026-06-24,20.850000381469727,21.450000762939453,20.850000381469727,21.299999237060547,662025
2026-06-25,21.200000762939453,21.700000762939453,21.200000762939453,21.39999961853028,1380647
2026-06-26,21.200000762939453,21.5,21.0,21.049999237060547,1220858
2026-06-29,21.100000381469727,21.39999961853028,21.100000381469727,21.299999237060547,697004
2026-06-30,21.549999237060547,22.0,21.350000381469727,21.950000762939453,2084751
2026-07-01,22.25,23.89999961853028,22.100000381469727,23.200000762939453,7377616
2026-07-02,22.64999961853028,23.39999961853028,22.600000381469727,23.39999961853028,2874588
2026-07-03,23.5,24.450000762939453,23.39999961853028,23.700000762939453,4667881
2026-07-06,24.450000762939453,25.450000762939453,24.100000381469727,24.850000381469727,5954351
2026-07-07,24.299999237060547,25.14999961853028,24.049999237060547,24.5,5195160
2026-07-08,24.549999237060547,24.75,23.39999961853028,23.950000762939453,2812939
2026-07-09,23.950000762939453,25.0,23.5,24.39999961853028,3836222
2026-07-10,24.39999961853028,24.39999961853028,24.39999961853028,24.39999961853028,0
2026-07-13,26.299999237060547,26.799999237060547,25.700000762939453,26.799999237060547,18660718
2026-07-14,28.299999237060547,28.299999237060547,26.799999237060547,28.049999237060547,16804140
2026-07-15,28.049999237060547,28.100000381469727,25.850000381469727,27.350000381469727,11000709
2026-07-16,27.5,27.850000381469727,26.700000762939453,27.200000762939453,4883846
2026-07-17,26.700000762939453,27.89999961853028,25.950000762939453,26.049999237060547,5862355
2026-07-20,25.799999237060547,27.0,25.549999237060547,26.200000762939453,4361035
2026-07-21,26.39999961853028,28.600000381469727,26.299999237060547,28.100000381469727,8751680
2026-07-22,27.549999237060547,28.299999237060547,27.25,27.89999961853028,5205470
2026-07-23,28.100000381469727,28.5,27.100000381469727,27.200000762939453,4641591
2026-07-24,27.200000762939453,28.299999237060547,26.14999961853028,26.25,5128520
2026-07-27,26.549999237060547,27.0,25.75,25.950000762939453,2476306
2026-07-28,24.600000381469727,25.39999961853028,24.299999237060547,24.549999237060547,4768162
2026-07-29,24.450000762939453,24.799999237060547,23.549999237060547,24.0,3766752
2026-07-30,23.89999961853028,24.0,22.549999237060547,22.549999237060547,3068273
2026-07-31,23.5,23.64999961853028,22.700000762939453,23.100000381469727,2522999
2026-08-03,23.200000762939453,23.549999237060547,22.700000762939453,22.950000762939453,1364120
2026-08-04,22.950000762939453,25.200000762939453,22.649999618530277,25.200000762939453,3875701
2026-08-05,25.450000762939453,26.799999237060547,25.200000762939453,26.200000762939453,5341807
2026-08-06,26.200000762939453,28.299999237060547,25.799999237060547,27.649999618530273,7572913
2026-08-07,27.799999237060547,28.450000762939453,27.350000381469727,27.799999237060547,4742764
2026-08-10,28.299999237060547,28.549999237060547,27.0,27.299999237060547,5125963
2026-08-11,26.75,27.700000762939453,26.200000762939453,27.399999618530273,4254357
2026-08-12,27.450000762939453,28.299999237060547,27.049999237060547,28.0,5136610
2026-08-13,28.5,30.799999237060547,28.149999618530273,30.649999618530273,24645550
2026-08-14,29.899999618530273,32.20000076293945,29.5,30.350000381469727,13421711
2026-08-17,30.899999618530273,33.349998474121094,30.549999237060547,32.75,13677701
2026-08-18,32.54999923706055,33.25,30.950000762939453,32.70000076293945,7811652
2026-08-19,32.0,33.849998474121094,31.850000381469727,32.54999923706055,6408734
2026-08-20,32.54999923706055,32.599998474121094,30.100000381469727,30.299999237060547,8485348
2026-08-21,30.799999237060547,33.29999923706055,30.600000381469727,33.29999923706055,15164234
2026-08-24,34.25,36.29999923706055,33.54999923706055,34.650001525878906,20579256
2026-08-25,34.400001525878906,35.0,32.849998474121094,33.75,8290774
